<?xml version="1.0"?>
<go:station xmlns:go="http://meteoswiss.ch/oscar/xsd/go" xmlns:wmdscl="http://meteoswiss.ch/oscar/xsd/wmdscl" xmlns:gocl="http://meteoswiss.ch/oscar/xsd/gocl" xmlns:dwdcdc="http://dwd.de/cdc/xsd/mesa">
  <go:StationInfo>
    <go:StationID>812300401255</go:StationID>
    <go:wigosID>0-20000-0-1379</go:wigosID>
    <go:stationName>Flensburg (Schäferhaus)</go:stationName>
    <go:stationLongitude>9.375236</go:stationLongitude>
    <go:stationLatitude>54.773652</go:stationLatitude>
    <go:stationElevation>41</go:stationElevation>
    <wmdscl:siteInformation/>
    <wmdscl:country>3-02-68</wmdscl:country>
    <wmdscl:wmoRegion>3-01- TODO</wmdscl:wmoRegion>
    <wmdscl:dateEstablished>1865-09-01T00:00:00</wmdscl:dateEstablished>
    <wmdscl:dateClosed>...</wmdscl:dateClosed>
  </go:StationInfo>
  <wmdscl:event>
    <wmdscl:eventInfo>
      <gocl:modDTFrom>1865-09-01T00:00:00</gocl:modDTFrom>
      <gocl:modDTUntil>1956-09-30T00:00:00</gocl:modDTUntil>
      <go:stationLatitude>54.788635</go:stationLatitude>
      <go:stationLongitude>9.428796</go:stationLongitude>
      <go:stationElevation>37</go:stationElevation>
      <wmdscl:siteInformation>65km NW Kiel, 30km N Schleswig, 4,5km S dänischer Grenze, 3,2km E Bahnstrecke Flensburg-Kolding (Dänemark), 1,5km E von B200, 450m W Hafen Flensburg, N Bereich von Flensburg</wmdscl:siteInformation>
    </wmdscl:eventInfo>
    <wmdscl:eventInfo>
      <gocl:modDTFrom>1956-10-01T00:00:00</gocl:modDTFrom>
      <gocl:modDTUntil>1958-11-23T00:00:00</gocl:modDTUntil>
      <go:stationLatitude>54.783607</go:stationLatitude>
      <go:stationLongitude>9.420746</go:stationLongitude>
      <go:stationElevation>56</go:stationElevation>
    </wmdscl:eventInfo>
    <wmdscl:eventInfo>
      <gocl:modDTFrom>1958-11-24T00:00:00</gocl:modDTFrom>
      <gocl:modDTUntil>1961-12-03T00:00:00</gocl:modDTUntil>
      <go:stationLatitude>54.784107</go:stationLatitude>
      <go:stationLongitude>9.447141</go:stationLongitude>
      <go:stationElevation>34</go:stationElevation>
    </wmdscl:eventInfo>
    <wmdscl:eventInfo>
      <gocl:modDTFrom>1961-12-04T00:00:00</gocl:modDTFrom>
      <gocl:modDTUntil>1962-04-17T00:00:00</gocl:modDTUntil>
      <go:stationLatitude>54.788006</go:stationLatitude>
      <go:stationLongitude>9.443842</go:stationLongitude>
      <go:stationElevation>35</go:stationElevation>
    </wmdscl:eventInfo>
    <wmdscl:eventInfo>
      <gocl:modDTFrom>1962-04-18T00:00:00</gocl:modDTFrom>
      <gocl:modDTUntil>1963-04-30T00:00:00</gocl:modDTUntil>
      <go:stationLatitude>54.773008</go:stationLatitude>
      <go:stationLongitude>9.435543</go:stationLongitude>
      <go:stationElevation>32</go:stationElevation>
    </wmdscl:eventInfo>
    <wmdscl:eventInfo>
      <gocl:modDTFrom>1963-05-01T00:00:00</gocl:modDTFrom>
      <gocl:modDTUntil>...</gocl:modDTUntil>
      <go:stationLatitude>54.773652</go:stationLatitude>
      <go:stationLongitude>9.375236</go:stationLongitude>
      <go:stationElevation>41</go:stationElevation>
      <wmdscl:siteInformation>Die Station befindet sich auf einer Freifläche ca. 200m südlich des Flughafengebäudes und 100m nördlich der Hauptlandebahn.</wmdscl:siteInformation>
    </wmdscl:eventInfo>
  </wmdscl:event>
  <go:observation>
    <go:observationInfo>
      <wmdscl:observedVariable>
        <wmdscl:observedVariableInfo>etc.<gocl:instrument/>
          <wmdscl:dataProcessingAndReporting>
            <wmdscl:dataProcessingAndReportingInfo>
              <dwdcdc:mezaId>432300598030</dwdcdc:mezaId>
              <dwdcdc:mezaDescription>FXK :WINDSPITZE_MAXIMUM</dwdcdc:mezaDescription>
              <gocl:modDTFrom>1983-01-01T00:00:00.000000</gocl:modDTFrom>
              <gocl:modDTUntil>1985-06-30T00:00:00.000000</gocl:modDTUntil>
              <wmdscl:processingMethod>Maximum</wmdscl:processingMethod>
              <wmdscl:aggregationPeriod>1 Tag</wmdscl:aggregationPeriod>
              <wmdscl:referenceTime>undefined</wmdscl:referenceTime>
              <wmdscl:referenceDate>undefined</wmdscl:referenceDate>
            </wmdscl:dataProcessingAndReportingInfo>
            <wmdscl:dataProcessingAndReportingInfo>
              <dwdcdc:mezaId>2532461327</dwdcdc:mezaId>
              <dwdcdc:mezaDescription>NSH_TAG :NEUSCHNEEHOEHE</dwdcdc:mezaDescription>
              <gocl:modDTFrom>1957-01-03T07:00:00.000000</gocl:modDTFrom>
              <gocl:modDTUntil>2006-12-31T07:00:00.000000</gocl:modDTUntil>
              <wmdscl:processingMethod>Summe</wmdscl:processingMethod>
              <wmdscl:aggregationPeriod>24 Stunden</wmdscl:aggregationPeriod>
              <wmdscl:referenceTime>undefined</wmdscl:referenceTime>
              <wmdscl:referenceDate>undefined</wmdscl:referenceDate>
            </wmdscl:dataProcessingAndReportingInfo>
            <wmdscl:dataProcessingAndReportingInfo>
              <dwdcdc:mezaId>327800546667</dwdcdc:mezaId>
              <dwdcdc:mezaDescription>JA_N :BEDECKUNGSGRAD</dwdcdc:mezaDescription>
              <gocl:modDTFrom>1957-01-01T00:00:00.000000</gocl:modDTFrom>
              <gocl:modDTUntil>1984-01-01T00:00:00.000000</gocl:modDTUntil>
              <wmdscl:processingMethod>Mittelwert</wmdscl:processingMethod>
              <wmdscl:aggregationPeriod>1 Jahr</wmdscl:aggregationPeriod>
              <wmdscl:referenceTime>undefined</wmdscl:referenceTime>
              <wmdscl:referenceDate>undefined</wmdscl:referenceDate>
            </wmdscl:dataProcessingAndReportingInfo>
            <wmdscl:dataProcessingAndReportingInfo>
              <dwdcdc:mezaId>432300304206</dwdcdc:mezaId>
              <dwdcdc:mezaDescription>MO_EBM :ERDBODENMINIMUM</dwdcdc:mezaDescription>
              <gocl:modDTFrom>1957-01-01T00:00:00.000000</gocl:modDTFrom>
              <gocl:modDTUntil>1985-06-01T00:00:00.000000</gocl:modDTUntil>
              <wmdscl:processingMethod>Mittelwert</wmdscl:processingMethod>
              <wmdscl:aggregationPeriod>1 Monat</wmdscl:aggregationPeriod>
              <wmdscl:referenceTime>undefined</wmdscl:referenceTime>
              <wmdscl:referenceDate>undefined</wmdscl:referenceDate>
            </wmdscl:dataProcessingAndReportingInfo>
            <wmdscl:dataProcessingAndReportingInfo>
              <dwdcdc:mezaId>432300382798</dwdcdc:mezaId>
              <dwdcdc:mezaDescription>FX :WINDSPITZE_MAXIMUM</dwdcdc:mezaDescription>
              <gocl:modDTFrom>1982-12-01T00:00:00.000000</gocl:modDTFrom>
              <gocl:modDTUntil>2020-07-07T00:00:00.000000</gocl:modDTUntil>
              <wmdscl:processingMethod>Maximum</wmdscl:processingMethod>
              <wmdscl:aggregationPeriod>1 Tag</wmdscl:aggregationPeriod>
              <wmdscl:referenceTime>undefined</wmdscl:referenceTime>
              <wmdscl:referenceDate>undefined</wmdscl:referenceDate>
            </wmdscl:dataProcessingAndReportingInfo>
            <wmdscl:dataProcessingAndReportingInfo>
              <dwdcdc:mezaId>432300321038</dwdcdc:mezaId>
              <dwdcdc:mezaDescription>MO_NSHK :NEUSCHNEEHOEHE</dwdcdc:mezaDescription>
              <gocl:modDTFrom>1957-01-01T00:00:00.000000</gocl:modDTFrom>
              <gocl:modDTUntil>1985-06-01T00:00:00.000000</gocl:modDTUntil>
              <wmdscl:processingMethod>Summe</wmdscl:processingMethod>
              <wmdscl:aggregationPeriod>1 Monat</wmdscl:aggregationPeriod>
              <wmdscl:referenceTime>undefined</wmdscl:referenceTime>
              <wmdscl:referenceDate>undefined</wmdscl:referenceDate>
            </wmdscl:dataProcessingAndReportingInfo>
            <wmdscl:dataProcessingAndReportingInfo>
              <dwdcdc:mezaId>432300659790</dwdcdc:mezaId>
              <dwdcdc:mezaDescription>TGK :LUFTTEMP_AM_ERDB_MINIMUM</dwdcdc:mezaDescription>
              <gocl:modDTFrom>1957-01-01T00:00:00.000000</gocl:modDTFrom>
              <gocl:modDTUntil>1985-06-30T00:00:00.000000</gocl:modDTUntil>
              <wmdscl:processingMethod>Minimum</wmdscl:processingMethod>
              <wmdscl:aggregationPeriod>1 Tag</wmdscl:aggregationPeriod>
              <wmdscl:referenceTime>undefined</wmdscl:referenceTime>
              <wmdscl:referenceDate>undefined</wmdscl:referenceDate>
            </wmdscl:dataProcessingAndReportingInfo>
            <wmdscl:dataProcessingAndReportingInfo>
              <dwdcdc:mezaId>432300170702</dwdcdc:mezaId>
              <dwdcdc:mezaDescription>MO_VPM :DAMPFDRUCK</dwdcdc:mezaDescription>
              <gocl:modDTFrom>1957-01-01T00:00:00.000000</gocl:modDTFrom>
              <gocl:modDTUntil>1985-06-01T00:00:00.000000</gocl:modDTUntil>
              <wmdscl:processingMethod>Mittelwert</wmdscl:processingMethod>
              <wmdscl:aggregationPeriod>1 Monat</wmdscl:aggregationPeriod>
              <wmdscl:referenceTime>undefined</wmdscl:referenceTime>
              <wmdscl:referenceDate>undefined</wmdscl:referenceDate>
            </wmdscl:dataProcessingAndReportingInfo>
            <wmdscl:dataProcessingAndReportingInfo>
              <dwdcdc:mezaId>432300913678</dwdcdc:mezaId>
              <dwdcdc:mezaDescription>RSF :NIEDERSCHLAGSHOEHE_IND</dwdcdc:mezaDescription>
              <gocl:modDTFrom>1957-01-01T00:00:00.000000</gocl:modDTFrom>
              <gocl:modDTUntil>2006-12-31T00:00:00.000000</gocl:modDTUntil>
              <wmdscl:processingMethod>Summe</wmdscl:processingMethod>
              <wmdscl:aggregationPeriod>24 Stunden</wmdscl:aggregationPeriod>
              <wmdscl:referenceTime>undefined</wmdscl:referenceTime>
              <wmdscl:referenceDate>undefined</wmdscl:referenceDate>
            </wmdscl:dataProcessingAndReportingInfo>
            <wmdscl:dataProcessingAndReportingInfo>
              <dwdcdc:mezaId>432300531278</dwdcdc:mezaId>
              <dwdcdc:mezaDescription>NM :BEDECKUNGSGRAD</dwdcdc:mezaDescription>
              <gocl:modDTFrom>1957-01-01T00:00:00.000000</gocl:modDTFrom>
              <gocl:modDTUntil>1985-06-30T00:00:00.000000</gocl:modDTUntil>
              <wmdscl:processingMethod>Mittelwert</wmdscl:processingMethod>
              <wmdscl:aggregationPeriod>1 Tag</wmdscl:aggregationPeriod>
              <wmdscl:referenceTime>undefined</wmdscl:referenceTime>
              <wmdscl:referenceDate>undefined</wmdscl:referenceDate>
            </wmdscl:dataProcessingAndReportingInfo>
            <wmdscl:dataProcessingAndReportingInfo>
              <dwdcdc:mezaId>432300896846</dwdcdc:mezaId>
              <dwdcdc:mezaDescription>RSKF :NIEDERSCHLAGSHOEHE_IND</dwdcdc:mezaDescription>
              <gocl:modDTFrom>1957-01-01T00:00:00.000000</gocl:modDTFrom>
              <gocl:modDTUntil>1985-06-30T00:00:00.000000</gocl:modDTUntil>
              <wmdscl:processingMethod>Summe</wmdscl:processingMethod>
              <wmdscl:aggregationPeriod>24 Stunden</wmdscl:aggregationPeriod>
              <wmdscl:referenceTime>undefined</wmdscl:referenceTime>
              <wmdscl:referenceDate>undefined</wmdscl:referenceDate>
            </wmdscl:dataProcessingAndReportingInfo>
            <wmdscl:dataProcessingAndReportingInfo>
              <dwdcdc:mezaId>432300639822</dwdcdc:mezaId>
              <dwdcdc:mezaDescription>MO_N :BEDECKUNGSGRAD</dwdcdc:mezaDescription>
              <gocl:modDTFrom>1957-01-01T00:00:00.000000</gocl:modDTFrom>
              <gocl:modDTUntil>1985-06-01T00:00:00.000000</gocl:modDTUntil>
              <wmdscl:processingMethod>Mittelwert</wmdscl:processingMethod>
              <wmdscl:aggregationPeriod>1 Monat</wmdscl:aggregationPeriod>
              <wmdscl:referenceTime>undefined</wmdscl:referenceTime>
              <wmdscl:referenceDate>undefined</wmdscl:referenceDate>
            </wmdscl:dataProcessingAndReportingInfo>
            <wmdscl:dataProcessingAndReportingInfo>
              <dwdcdc:mezaId>432300644814</dwdcdc:mezaId>
              <dwdcdc:mezaDescription>JA_TN :LUFTTEMPERATUR_MINIMUM</dwdcdc:mezaDescription>
              <gocl:modDTFrom>1881-01-01T00:00:00.000000</gocl:modDTFrom>
              <gocl:modDTUntil>1984-01-01T00:00:00.000000</gocl:modDTUntil>
              <wmdscl:processingMethod>Mittelwert</wmdscl:processingMethod>
              <wmdscl:aggregationPeriod>1 Jahr</wmdscl:aggregationPeriod>
              <wmdscl:referenceTime>undefined</wmdscl:referenceTime>
              <wmdscl:referenceDate>undefined</wmdscl:referenceDate>
            </wmdscl:dataProcessingAndReportingInfo>
            <wmdscl:dataProcessingAndReportingInfo>
              <dwdcdc:mezaId>432300135758</dwdcdc:mezaId>
              <dwdcdc:mezaDescription>TE10 :ERDBODENTEMPERATUR</dwdcdc:mezaDescription>
              <gocl:modDTFrom>1981-01-01T07:00:00.000000</gocl:modDTFrom>
              <gocl:modDTUntil>1985-06-30T21:00:00.000000</gocl:modDTUntil>
              <wmdscl:processingMethod>Instantan:Instantan oder Messwert für den das Zeitintervall nicht weiter aufgelöst werden kann</wmdscl:processingMethod>
              <wmdscl:aggregationPeriod>1 Stunde</wmdscl:aggregationPeriod>
              <wmdscl:referenceTime>undefined</wmdscl:referenceTime>
              <wmdscl:referenceDate>undefined</wmdscl:referenceDate>
            </wmdscl:dataProcessingAndReportingInfo>
            <wmdscl:dataProcessingAndReportingInfo>
              <dwdcdc:mezaId>432300758350</dwdcdc:mezaId>
              <dwdcdc:mezaDescription>MO_NSH :NEUSCHNEEHOEHE</dwdcdc:mezaDescription>
              <gocl:modDTFrom>1960-01-01T00:00:00.000000</gocl:modDTFrom>
              <gocl:modDTUntil>2006-12-01T00:00:00.000000</gocl:modDTUntil>
              <wmdscl:processingMethod>Summe</wmdscl:processingMethod>
              <wmdscl:aggregationPeriod>1 Monat</wmdscl:aggregationPeriod>
              <wmdscl:referenceTime>undefined</wmdscl:referenceTime>
              <wmdscl:referenceDate>undefined</wmdscl:referenceDate>
            </wmdscl:dataProcessingAndReportingInfo>
            <wmdscl:dataProcessingAndReportingInfo>
              <dwdcdc:mezaId>432300820110</dwdcdc:mezaId>
              <dwdcdc:mezaDescription>JA_TX :LUFTTEMPERATUR_MAXIMUM</dwdcdc:mezaDescription>
              <gocl:modDTFrom>1881-01-01T00:00:00.000000</gocl:modDTFrom>
              <gocl:modDTUntil>1984-01-01T00:00:00.000000</gocl:modDTUntil>
              <wmdscl:processingMethod>Mittelwert</wmdscl:processingMethod>
              <wmdscl:aggregationPeriod>1 Jahr</wmdscl:aggregationPeriod>
              <wmdscl:referenceTime>undefined</wmdscl:referenceTime>
              <wmdscl:referenceDate>undefined</wmdscl:referenceDate>
            </wmdscl:dataProcessingAndReportingInfo>
            <wmdscl:dataProcessingAndReportingInfo>
              <dwdcdc:mezaId>432300763342</dwdcdc:mezaId>
              <dwdcdc:mezaDescription>JA_NSH :NEUSCHNEEHOEHE</dwdcdc:mezaDescription>
              <gocl:modDTFrom>1960-01-01T00:00:00.000000</gocl:modDTFrom>
              <gocl:modDTUntil>2006-01-01T00:00:00.000000</gocl:modDTUntil>
              <wmdscl:processingMethod>Summe</wmdscl:processingMethod>
              <wmdscl:aggregationPeriod>1 Jahr</wmdscl:aggregationPeriod>
              <wmdscl:referenceTime>undefined</wmdscl:referenceTime>
              <wmdscl:referenceDate>undefined</wmdscl:referenceDate>
            </wmdscl:dataProcessingAndReportingInfo>
            <wmdscl:dataProcessingAndReportingInfo>
              <dwdcdc:mezaId>432300866894</dwdcdc:mezaId>
              <dwdcdc:mezaDescription>MO_TN :LUFTTEMPERATUR_MINIMUM</dwdcdc:mezaDescription>
              <gocl:modDTFrom>1881-01-01T00:00:00.000000</gocl:modDTFrom>
              <gocl:modDTUntil>1985-06-01T00:00:00.000000</gocl:modDTUntil>
              <wmdscl:processingMethod>Mittelwert</wmdscl:processingMethod>
              <wmdscl:aggregationPeriod>1 Monat</wmdscl:aggregationPeriod>
              <wmdscl:referenceTime>undefined</wmdscl:referenceTime>
              <wmdscl:referenceDate>undefined</wmdscl:referenceDate>
            </wmdscl:dataProcessingAndReportingInfo>
            <wmdscl:dataProcessingAndReportingInfo>
              <dwdcdc:mezaId>432300583054</dwdcdc:mezaId>
              <dwdcdc:mezaDescription>JA_VPM :DAMPFDRUCK</dwdcdc:mezaDescription>
              <gocl:modDTFrom>1957-01-01T00:00:00.000000</gocl:modDTFrom>
              <gocl:modDTUntil>1984-01-01T00:00:00.000000</gocl:modDTUntil>
              <wmdscl:processingMethod>Mittelwert</wmdscl:processingMethod>
              <wmdscl:aggregationPeriod>1 Jahr</wmdscl:aggregationPeriod>
              <wmdscl:referenceTime>undefined</wmdscl:referenceTime>
              <wmdscl:referenceDate>undefined</wmdscl:referenceDate>
            </wmdscl:dataProcessingAndReportingInfo>
            <wmdscl:dataProcessingAndReportingInfo>
              <dwdcdc:mezaId>432300526286</dwdcdc:mezaId>
              <dwdcdc:mezaDescription>JA_EBM :ERDBODENMINIMUM</dwdcdc:mezaDescription>
              <gocl:modDTFrom>1957-01-01T00:00:00.000000</gocl:modDTFrom>
              <gocl:modDTUntil>1984-01-01T00:00:00.000000</gocl:modDTUntil>
              <wmdscl:processingMethod>Mittelwert</wmdscl:processingMethod>
              <wmdscl:aggregationPeriod>1 Jahr</wmdscl:aggregationPeriod>
              <wmdscl:referenceTime>undefined</wmdscl:referenceTime>
              <wmdscl:referenceDate>undefined</wmdscl:referenceDate>
            </wmdscl:dataProcessingAndReportingInfo>
            <wmdscl:dataProcessingAndReportingInfo>
              <dwdcdc:mezaId>432300960462</dwdcdc:mezaId>
              <dwdcdc:mezaDescription>MO_TX :LUFTTEMPERATUR_MAXIMUM</dwdcdc:mezaDescription>
              <gocl:modDTFrom>1881-01-01T00:00:00.000000</gocl:modDTFrom>
              <gocl:modDTUntil>1985-06-01T00:00:00.000000</gocl:modDTUntil>
              <wmdscl:processingMethod>Mittelwert</wmdscl:processingMethod>
              <wmdscl:aggregationPeriod>1 Monat</wmdscl:aggregationPeriod>
              <wmdscl:referenceTime>undefined</wmdscl:referenceTime>
              <wmdscl:referenceDate>undefined</wmdscl:referenceDate>
            </wmdscl:dataProcessingAndReportingInfo>
            <wmdscl:dataProcessingAndReportingInfo>
              <dwdcdc:mezaId>432300412750</dwdcdc:mezaId>
              <dwdcdc:mezaDescription>VPM :DAMPFDRUCK</dwdcdc:mezaDescription>
              <gocl:modDTFrom>1957-01-01T00:00:00.000000</gocl:modDTFrom>
              <gocl:modDTUntil>1985-06-30T00:00:00.000000</gocl:modDTUntil>
              <wmdscl:processingMethod>Mittelwert</wmdscl:processingMethod>
              <wmdscl:aggregationPeriod>1 Tag</wmdscl:aggregationPeriod>
              <wmdscl:referenceTime>undefined</wmdscl:referenceTime>
              <wmdscl:referenceDate>undefined</wmdscl:referenceDate>
            </wmdscl:dataProcessingAndReportingInfo>
          </wmdscl:dataProcessingAndReporting>
        </wmdscl:observedVariableInfo>
        <wmdscl:observedVariableInfo>Feuchte<gocl:instrument/>
          <wmdscl:dataProcessingAndReporting>
            <wmdscl:dataProcessingAndReportingInfo>
              <dwdcdc:mezaId>432300701582</dwdcdc:mezaId>
              <dwdcdc:mezaDescription>JA_RF :REL_FEUCHTE</dwdcdc:mezaDescription>
              <gocl:modDTFrom>1957-01-01T00:00:00.000000</gocl:modDTFrom>
              <gocl:modDTUntil>1984-01-01T00:00:00.000000</gocl:modDTUntil>
              <wmdscl:processingMethod>Mittelwert</wmdscl:processingMethod>
              <wmdscl:aggregationPeriod>1 Jahr</wmdscl:aggregationPeriod>
              <wmdscl:referenceTime>undefined</wmdscl:referenceTime>
              <wmdscl:referenceDate>undefined</wmdscl:referenceDate>
            </wmdscl:dataProcessingAndReportingInfo>
            <wmdscl:dataProcessingAndReportingInfo>
              <dwdcdc:mezaId>432300933646</dwdcdc:mezaId>
              <dwdcdc:mezaDescription>MO_RF :REL_FEUCHTE</dwdcdc:mezaDescription>
              <gocl:modDTFrom>1957-01-01T00:00:00.000000</gocl:modDTFrom>
              <gocl:modDTUntil>1985-06-01T00:00:00.000000</gocl:modDTUntil>
              <wmdscl:processingMethod>Mittelwert</wmdscl:processingMethod>
              <wmdscl:aggregationPeriod>1 Monat</wmdscl:aggregationPeriod>
              <wmdscl:referenceTime>undefined</wmdscl:referenceTime>
              <wmdscl:referenceDate>undefined</wmdscl:referenceDate>
            </wmdscl:dataProcessingAndReportingInfo>
            <wmdscl:dataProcessingAndReportingInfo>
              <dwdcdc:mezaId>432300118926</dwdcdc:mezaId>
              <dwdcdc:mezaDescription>UPM :REL_FEUCHTE</dwdcdc:mezaDescription>
              <gocl:modDTFrom>1957-01-01T00:00:00.000000</gocl:modDTFrom>
              <gocl:modDTUntil>1985-06-30T00:00:00.000000</gocl:modDTUntil>
              <wmdscl:processingMethod>Mittelwert</wmdscl:processingMethod>
              <wmdscl:aggregationPeriod>1 Tag</wmdscl:aggregationPeriod>
              <wmdscl:referenceTime>undefined</wmdscl:referenceTime>
              <wmdscl:referenceDate>undefined</wmdscl:referenceDate>
            </wmdscl:dataProcessingAndReportingInfo>
          </wmdscl:dataProcessingAndReporting>
        </wmdscl:observedVariableInfo>
        <wmdscl:observedVariableInfo>Niederschlag<gocl:instrument>
            <gocl:instrumentInfo>
              <gocl:instrumentModel>Hellmann</gocl:instrumentModel>
              <gocl:observingMethod>Niederschlagsmenge, konv.</gocl:observingMethod>
              <gocl:distanceFromReferenceSurface>1</gocl:distanceFromReferenceSurface>
              <gocl:modDTFrom>1982-04-01T00:00:00</gocl:modDTFrom>
              <gocl:modDTUntil>2006-12-31T00:00:00</gocl:modDTUntil>
            </gocl:instrumentInfo>
            <gocl:instrumentInfo>
              <gocl:instrumentModel>Hellmann</gocl:instrumentModel>
              <gocl:observingMethod>Niederschlagsmenge, konv.</gocl:observingMethod>
              <gocl:distanceFromReferenceSurface>1</gocl:distanceFromReferenceSurface>
              <gocl:modDTFrom>1965-08-01T00:00:00</gocl:modDTFrom>
              <gocl:modDTUntil>1982-03-31T00:00:00</gocl:modDTUntil>
            </gocl:instrumentInfo>
            <gocl:instrumentInfo>
              <gocl:instrumentModel>Hellmann</gocl:instrumentModel>
              <gocl:observingMethod>Niederschlagsmenge, konv.</gocl:observingMethod>
              <gocl:distanceFromReferenceSurface>1</gocl:distanceFromReferenceSurface>
              <gocl:modDTFrom>1963-05-01T00:00:00</gocl:modDTFrom>
              <gocl:modDTUntil>1965-07-31T00:00:00</gocl:modDTUntil>
            </gocl:instrumentInfo>
            <gocl:instrumentInfo>
              <gocl:instrumentModel>Hellmann</gocl:instrumentModel>
              <gocl:observingMethod>Niederschlagsmenge, konv.</gocl:observingMethod>
              <gocl:distanceFromReferenceSurface>1</gocl:distanceFromReferenceSurface>
              <gocl:modDTFrom>1962-04-18T00:00:00</gocl:modDTFrom>
              <gocl:modDTUntil>1963-04-30T00:00:00</gocl:modDTUntil>
            </gocl:instrumentInfo>
            <gocl:instrumentInfo>
              <gocl:instrumentModel>Hellmann</gocl:instrumentModel>
              <gocl:observingMethod>Niederschlagsmenge, konv.</gocl:observingMethod>
              <gocl:distanceFromReferenceSurface>1</gocl:distanceFromReferenceSurface>
              <gocl:modDTFrom>1961-12-04T00:00:00</gocl:modDTFrom>
              <gocl:modDTUntil>1962-04-17T00:00:00</gocl:modDTUntil>
            </gocl:instrumentInfo>
            <gocl:instrumentInfo>
              <gocl:instrumentModel>Hellmann</gocl:instrumentModel>
              <gocl:observingMethod>Niederschlagsmenge, konv.</gocl:observingMethod>
              <gocl:distanceFromReferenceSurface>1</gocl:distanceFromReferenceSurface>
              <gocl:modDTFrom>1958-11-24T00:00:00</gocl:modDTFrom>
              <gocl:modDTUntil>1961-12-03T00:00:00</gocl:modDTUntil>
            </gocl:instrumentInfo>
            <gocl:instrumentInfo>
              <gocl:instrumentModel>Hellmann</gocl:instrumentModel>
              <gocl:observingMethod>Niederschlagsmenge, konv.</gocl:observingMethod>
              <gocl:distanceFromReferenceSurface>1</gocl:distanceFromReferenceSurface>
              <gocl:modDTFrom>1956-09-01T00:00:00</gocl:modDTFrom>
              <gocl:modDTUntil>1958-11-23T00:00:00</gocl:modDTUntil>
            </gocl:instrumentInfo>
          </gocl:instrument>
          <wmdscl:dataProcessingAndReporting>
            <wmdscl:dataProcessingAndReportingInfo>
              <dwdcdc:mezaId>432300666638</dwdcdc:mezaId>
              <dwdcdc:mezaDescription>JA_RR :NIEDERSCHLAGSHOEHE</dwdcdc:mezaDescription>
              <gocl:modDTFrom>1866-01-01T00:00:00.000000</gocl:modDTFrom>
              <gocl:modDTUntil>2006-01-01T00:00:00.000000</gocl:modDTUntil>
              <wmdscl:processingMethod>Summe</wmdscl:processingMethod>
              <wmdscl:aggregationPeriod>1 Jahr</wmdscl:aggregationPeriod>
              <wmdscl:referenceTime>undefined</wmdscl:referenceTime>
              <wmdscl:referenceDate>undefined</wmdscl:referenceDate>
            </wmdscl:dataProcessingAndReportingInfo>
            <wmdscl:dataProcessingAndReportingInfo>
              <dwdcdc:mezaId>432300995406</dwdcdc:mezaId>
              <dwdcdc:mezaDescription>JA_SH :SCHNEEHOEHE</dwdcdc:mezaDescription>
              <gocl:modDTFrom>1957-01-01T00:00:00.000000</gocl:modDTFrom>
              <gocl:modDTUntil>1984-01-01T00:00:00.000000</gocl:modDTUntil>
              <wmdscl:processingMethod>Mittelwert</wmdscl:processingMethod>
              <wmdscl:aggregationPeriod>1 Jahr</wmdscl:aggregationPeriod>
              <wmdscl:referenceTime>undefined</wmdscl:referenceTime>
              <wmdscl:referenceDate>undefined</wmdscl:referenceDate>
            </wmdscl:dataProcessingAndReportingInfo>
            <wmdscl:dataProcessingAndReportingInfo>
              <dwdcdc:mezaId>432300345998</dwdcdc:mezaId>
              <dwdcdc:mezaDescription>MO_RR :NIEDERSCHLAGSHOEHE</dwdcdc:mezaDescription>
              <gocl:modDTFrom>1866-01-01T00:00:00.000000</gocl:modDTFrom>
              <gocl:modDTUntil>2006-12-01T00:00:00.000000</gocl:modDTUntil>
              <wmdscl:processingMethod>Summe</wmdscl:processingMethod>
              <wmdscl:aggregationPeriod>1 Monat</wmdscl:aggregationPeriod>
              <wmdscl:referenceTime>undefined</wmdscl:referenceTime>
              <wmdscl:referenceDate>undefined</wmdscl:referenceDate>
            </wmdscl:dataProcessingAndReportingInfo>
            <wmdscl:dataProcessingAndReportingInfo>
              <dwdcdc:mezaId>432300207502</dwdcdc:mezaId>
              <dwdcdc:mezaDescription>RS :NIEDERSCHLAGSHOEHE</dwdcdc:mezaDescription>
              <gocl:modDTFrom>1957-01-01T00:00:00.000000</gocl:modDTFrom>
              <gocl:modDTUntil>2006-12-31T00:00:00.000000</gocl:modDTUntil>
              <wmdscl:processingMethod>Summe</wmdscl:processingMethod>
              <wmdscl:aggregationPeriod>1 Tag</wmdscl:aggregationPeriod>
              <wmdscl:referenceTime>undefined</wmdscl:referenceTime>
              <wmdscl:referenceDate>undefined</wmdscl:referenceDate>
            </wmdscl:dataProcessingAndReportingInfo>
            <wmdscl:dataProcessingAndReportingInfo>
              <dwdcdc:mezaId>432300614862</dwdcdc:mezaId>
              <dwdcdc:mezaDescription>MO_SHK :SCHNEEHOEHE</dwdcdc:mezaDescription>
              <gocl:modDTFrom>1957-01-01T00:00:00.000000</gocl:modDTFrom>
              <gocl:modDTUntil>1985-06-01T00:00:00.000000</gocl:modDTUntil>
              <wmdscl:processingMethod>Summe</wmdscl:processingMethod>
              <wmdscl:aggregationPeriod>1 Monat</wmdscl:aggregationPeriod>
              <wmdscl:referenceTime>undefined</wmdscl:referenceTime>
              <wmdscl:referenceDate>undefined</wmdscl:referenceDate>
            </wmdscl:dataProcessingAndReportingInfo>
            <wmdscl:dataProcessingAndReportingInfo>
              <dwdcdc:mezaId>432300876878</dwdcdc:mezaId>
              <dwdcdc:mezaDescription>MO_SH_S :SCHNEEHOEHE</dwdcdc:mezaDescription>
              <gocl:modDTFrom>1957-01-01T00:00:00.000000</gocl:modDTFrom>
              <gocl:modDTUntil>2006-12-01T00:00:00.000000</gocl:modDTUntil>
              <wmdscl:processingMethod>Summe</wmdscl:processingMethod>
              <wmdscl:aggregationPeriod>1 Monat</wmdscl:aggregationPeriod>
              <wmdscl:referenceTime>undefined</wmdscl:referenceTime>
              <wmdscl:referenceDate>undefined</wmdscl:referenceDate>
            </wmdscl:dataProcessingAndReportingInfo>
            <wmdscl:dataProcessingAndReportingInfo>
              <dwdcdc:mezaId>432300603022</dwdcdc:mezaId>
              <dwdcdc:mezaDescription>SHK_TAG :SCHNEEHOEHE</dwdcdc:mezaDescription>
              <gocl:modDTFrom>1957-01-01T07:00:00.000000</gocl:modDTFrom>
              <gocl:modDTUntil>1985-06-30T07:00:00.000000</gocl:modDTUntil>
              <wmdscl:processingMethod>Instantan:Instantan oder Messwert für den das Zeitintervall nicht weiter aufgelöst werden kann</wmdscl:processingMethod>
              <wmdscl:aggregationPeriod>1 Tag</wmdscl:aggregationPeriod>
              <wmdscl:referenceTime>undefined</wmdscl:referenceTime>
              <wmdscl:referenceDate>undefined</wmdscl:referenceDate>
            </wmdscl:dataProcessingAndReportingInfo>
            <wmdscl:dataProcessingAndReportingInfo>
              <dwdcdc:mezaId>432300372814</dwdcdc:mezaId>
              <dwdcdc:mezaDescription>JA_SH_S :SCHNEEHOEHE</dwdcdc:mezaDescription>
              <gocl:modDTFrom>1957-01-01T00:00:00.000000</gocl:modDTFrom>
              <gocl:modDTUntil>2006-01-01T00:00:00.000000</gocl:modDTUntil>
              <wmdscl:processingMethod>Summe</wmdscl:processingMethod>
              <wmdscl:aggregationPeriod>1 Jahr</wmdscl:aggregationPeriod>
              <wmdscl:referenceTime>undefined</wmdscl:referenceTime>
              <wmdscl:referenceDate>undefined</wmdscl:referenceDate>
            </wmdscl:dataProcessingAndReportingInfo>
            <wmdscl:dataProcessingAndReportingInfo>
              <dwdcdc:mezaId>432300190670</dwdcdc:mezaId>
              <dwdcdc:mezaDescription>RSK :NIEDERSCHLAGSHOEHE</dwdcdc:mezaDescription>
              <gocl:modDTFrom>1957-01-01T00:00:00.000000</gocl:modDTFrom>
              <gocl:modDTUntil>1985-06-30T00:00:00.000000</gocl:modDTUntil>
              <wmdscl:processingMethod>Summe</wmdscl:processingMethod>
              <wmdscl:aggregationPeriod>1 Tag</wmdscl:aggregationPeriod>
              <wmdscl:referenceTime>undefined</wmdscl:referenceTime>
              <wmdscl:referenceDate>undefined</wmdscl:referenceDate>
            </wmdscl:dataProcessingAndReportingInfo>
            <wmdscl:dataProcessingAndReportingInfo>
              <dwdcdc:mezaId>432300052174</dwdcdc:mezaId>
              <dwdcdc:mezaDescription>MO_SH :SCHNEEHOEHE</dwdcdc:mezaDescription>
              <gocl:modDTFrom>1957-01-01T00:00:00.000000</gocl:modDTFrom>
              <gocl:modDTUntil>1985-06-01T00:00:00.000000</gocl:modDTUntil>
              <wmdscl:processingMethod>Mittelwert</wmdscl:processingMethod>
              <wmdscl:aggregationPeriod>1 Monat</wmdscl:aggregationPeriod>
              <wmdscl:referenceTime>undefined</wmdscl:referenceTime>
              <wmdscl:referenceDate>undefined</wmdscl:referenceDate>
            </wmdscl:dataProcessingAndReportingInfo>
            <wmdscl:dataProcessingAndReportingInfo>
              <dwdcdc:mezaId>432300309198</dwdcdc:mezaId>
              <dwdcdc:mezaDescription>SH_TAG :SCHNEEHOEHE</dwdcdc:mezaDescription>
              <gocl:modDTFrom>1957-01-01T07:00:00.000000</gocl:modDTFrom>
              <gocl:modDTUntil>2006-12-31T07:00:00.000000</gocl:modDTUntil>
              <wmdscl:processingMethod>Mittelwert</wmdscl:processingMethod>
              <wmdscl:aggregationPeriod>1 Tag</wmdscl:aggregationPeriod>
              <wmdscl:referenceTime>undefined</wmdscl:referenceTime>
              <wmdscl:referenceDate>undefined</wmdscl:referenceDate>
            </wmdscl:dataProcessingAndReportingInfo>
          </wmdscl:dataProcessingAndReporting>
        </wmdscl:observedVariableInfo>
        <wmdscl:observedVariableInfo>Strahlung<gocl:instrument>
            <gocl:instrumentInfo>
              <gocl:instrumentModel>Sonnenscheinschreiber nach Campbell-Stokes</gocl:instrumentModel>
              <gocl:observingMethod>Sonnenscheinregistrierung, konv.</gocl:observingMethod>
              <gocl:distanceFromReferenceSurface>1.6</gocl:distanceFromReferenceSurface>
              <gocl:modDTFrom>1963-05-01T00:00:00</gocl:modDTFrom>
              <gocl:modDTUntil>2006-12-31T00:00:00</gocl:modDTUntil>
            </gocl:instrumentInfo>
            <gocl:instrumentInfo>
              <gocl:instrumentModel>Sonnenscheinschreiber nach Campbell-Stokes</gocl:instrumentModel>
              <gocl:observingMethod>Sonnenscheinregistrierung, konv.</gocl:observingMethod>
              <gocl:distanceFromReferenceSurface>1.6</gocl:distanceFromReferenceSurface>
              <gocl:modDTFrom>1962-04-18T00:00:00</gocl:modDTFrom>
              <gocl:modDTUntil>1963-04-30T00:00:00</gocl:modDTUntil>
            </gocl:instrumentInfo>
            <gocl:instrumentInfo>
              <gocl:instrumentModel>Sonnenscheinschreiber nach Campbell-Stokes</gocl:instrumentModel>
              <gocl:observingMethod>Sonnenscheinregistrierung, konv.</gocl:observingMethod>
              <gocl:distanceFromReferenceSurface>1.6</gocl:distanceFromReferenceSurface>
              <gocl:modDTFrom>1961-12-04T00:00:00</gocl:modDTFrom>
              <gocl:modDTUntil>1962-04-17T00:00:00</gocl:modDTUntil>
            </gocl:instrumentInfo>
            <gocl:instrumentInfo>
              <gocl:instrumentModel>Sonnenscheinschreiber nach Campbell-Stokes</gocl:instrumentModel>
              <gocl:observingMethod>Sonnenscheinregistrierung, konv.</gocl:observingMethod>
              <gocl:distanceFromReferenceSurface>1.6</gocl:distanceFromReferenceSurface>
              <gocl:modDTFrom>1958-11-24T00:00:00</gocl:modDTFrom>
              <gocl:modDTUntil>1961-12-03T00:00:00</gocl:modDTUntil>
            </gocl:instrumentInfo>
            <gocl:instrumentInfo>
              <gocl:instrumentModel>Sonnenscheinschreiber nach Campbell-Stokes</gocl:instrumentModel>
              <gocl:observingMethod>Sonnenscheinregistrierung, konv.</gocl:observingMethod>
              <gocl:distanceFromReferenceSurface>1.6</gocl:distanceFromReferenceSurface>
              <gocl:modDTFrom>1956-09-01T00:00:00</gocl:modDTFrom>
              <gocl:modDTUntil>1958-11-23T00:00:00</gocl:modDTUntil>
            </gocl:instrumentInfo>
          </gocl:instrument>
          <wmdscl:dataProcessingAndReporting>
            <wmdscl:dataProcessingAndReportingInfo>
              <dwdcdc:mezaId>432300083982</dwdcdc:mezaId>
              <dwdcdc:mezaDescription>SD :SONNENSCHEINDAUER</dwdcdc:mezaDescription>
              <gocl:modDTFrom>1956-09-01T00:00:00.000000</gocl:modDTFrom>
              <gocl:modDTUntil>2006-12-30T00:00:00.000000</gocl:modDTUntil>
              <wmdscl:processingMethod>Summe</wmdscl:processingMethod>
              <wmdscl:aggregationPeriod>1 Tag</wmdscl:aggregationPeriod>
              <wmdscl:referenceTime>undefined</wmdscl:referenceTime>
              <wmdscl:referenceDate>undefined</wmdscl:referenceDate>
            </wmdscl:dataProcessingAndReportingInfo>
            <wmdscl:dataProcessingAndReportingInfo>
              <dwdcdc:mezaId>432300691598</dwdcdc:mezaId>
              <dwdcdc:mezaDescription>MO_SD :SONNENSCHEINDAUER</dwdcdc:mezaDescription>
              <gocl:modDTFrom>1957-01-01T00:00:00.000000</gocl:modDTFrom>
              <gocl:modDTUntil>1985-06-01T00:00:00.000000</gocl:modDTUntil>
              <wmdscl:processingMethod>Mittelwert</wmdscl:processingMethod>
              <wmdscl:aggregationPeriod>1 Monat</wmdscl:aggregationPeriod>
              <wmdscl:referenceTime>undefined</wmdscl:referenceTime>
              <wmdscl:referenceDate>undefined</wmdscl:referenceDate>
            </wmdscl:dataProcessingAndReportingInfo>
            <wmdscl:dataProcessingAndReportingInfo>
              <dwdcdc:mezaId>432300397774</dwdcdc:mezaId>
              <dwdcdc:mezaDescription>MO_SD_S :SONNENSCHEINDAUER</dwdcdc:mezaDescription>
              <gocl:modDTFrom>1957-01-01T00:00:00.000000</gocl:modDTFrom>
              <gocl:modDTUntil>1985-06-01T00:00:00.000000</gocl:modDTUntil>
              <wmdscl:processingMethod>Summe</wmdscl:processingMethod>
              <wmdscl:aggregationPeriod>1 Monat</wmdscl:aggregationPeriod>
              <wmdscl:referenceTime>undefined</wmdscl:referenceTime>
              <wmdscl:referenceDate>undefined</wmdscl:referenceDate>
            </wmdscl:dataProcessingAndReportingInfo>
            <wmdscl:dataProcessingAndReportingInfo>
              <dwdcdc:mezaId>432300918670</dwdcdc:mezaId>
              <dwdcdc:mezaDescription>SDK :SONNENSCHEINDAUER</dwdcdc:mezaDescription>
              <gocl:modDTFrom>1957-01-01T00:00:00.000000</gocl:modDTFrom>
              <gocl:modDTUntil>1985-06-30T00:00:00.000000</gocl:modDTUntil>
              <wmdscl:processingMethod>Summe</wmdscl:processingMethod>
              <wmdscl:aggregationPeriod>1 Tag</wmdscl:aggregationPeriod>
              <wmdscl:referenceTime>undefined</wmdscl:referenceTime>
              <wmdscl:referenceDate>undefined</wmdscl:referenceDate>
            </wmdscl:dataProcessingAndReportingInfo>
            <wmdscl:dataProcessingAndReportingInfo>
              <dwdcdc:mezaId>432300232462</dwdcdc:mezaId>
              <dwdcdc:mezaDescription>JA_SD :SONNENSCHEINDAUER</dwdcdc:mezaDescription>
              <gocl:modDTFrom>1957-01-01T00:00:00.000000</gocl:modDTFrom>
              <gocl:modDTUntil>1984-01-01T00:00:00.000000</gocl:modDTUntil>
              <wmdscl:processingMethod>Mittelwert</wmdscl:processingMethod>
              <wmdscl:aggregationPeriod>1 Jahr</wmdscl:aggregationPeriod>
              <wmdscl:referenceTime>undefined</wmdscl:referenceTime>
              <wmdscl:referenceDate>undefined</wmdscl:referenceDate>
            </wmdscl:dataProcessingAndReportingInfo>
            <wmdscl:dataProcessingAndReportingInfo>
              <dwdcdc:mezaId>432300113934</dwdcdc:mezaId>
              <dwdcdc:mezaDescription>JA_SD_S :SONNENSCHEINDAUER</dwdcdc:mezaDescription>
              <gocl:modDTFrom>1957-01-01T00:00:00.000000</gocl:modDTFrom>
              <gocl:modDTUntil>1984-01-01T00:00:00.000000</gocl:modDTUntil>
              <wmdscl:processingMethod>Summe</wmdscl:processingMethod>
              <wmdscl:aggregationPeriod>1 Jahr</wmdscl:aggregationPeriod>
              <wmdscl:referenceTime>undefined</wmdscl:referenceTime>
              <wmdscl:referenceDate>undefined</wmdscl:referenceDate>
            </wmdscl:dataProcessingAndReportingInfo>
          </wmdscl:dataProcessingAndReporting>
        </wmdscl:observedVariableInfo>
        <wmdscl:observedVariableInfo>Temperatur (Erdboden)<gocl:instrument>
            <gocl:instrumentInfo>
              <gocl:instrumentModel>Erdbodenthermometer</gocl:instrumentModel>
              <gocl:observingMethod>Temperaturmessung, konv.</gocl:observingMethod>
              <gocl:distanceFromReferenceSurface>-.05</gocl:distanceFromReferenceSurface>
              <gocl:modDTFrom>1981-01-01T00:00:00</gocl:modDTFrom>
              <gocl:modDTUntil>1985-06-30T00:00:00</gocl:modDTUntil>
            </gocl:instrumentInfo>
            <gocl:instrumentInfo>
              <gocl:instrumentModel>Erdboden-Tiefenthermometer</gocl:instrumentModel>
              <gocl:observingMethod>Temperaturmessung, konv.</gocl:observingMethod>
              <gocl:distanceFromReferenceSurface>-1</gocl:distanceFromReferenceSurface>
              <gocl:modDTFrom>1981-01-01T00:00:00</gocl:modDTFrom>
              <gocl:modDTUntil>1985-06-30T00:00:00</gocl:modDTUntil>
            </gocl:instrumentInfo>
            <gocl:instrumentInfo>
              <gocl:instrumentModel>Erdbodenthermometer</gocl:instrumentModel>
              <gocl:observingMethod>Temperaturmessung, konv.</gocl:observingMethod>
              <gocl:distanceFromReferenceSurface>-.1</gocl:distanceFromReferenceSurface>
              <gocl:modDTFrom>1981-01-01T00:00:00</gocl:modDTFrom>
              <gocl:modDTUntil>1985-06-30T00:00:00</gocl:modDTUntil>
            </gocl:instrumentInfo>
            <gocl:instrumentInfo>
              <gocl:instrumentModel>Erdbodenthermometer</gocl:instrumentModel>
              <gocl:observingMethod>Temperaturmessung, konv.</gocl:observingMethod>
              <gocl:distanceFromReferenceSurface>-.02</gocl:distanceFromReferenceSurface>
              <gocl:modDTFrom>1983-02-22T00:00:00</gocl:modDTFrom>
              <gocl:modDTUntil>1985-06-30T00:00:00</gocl:modDTUntil>
            </gocl:instrumentInfo>
            <gocl:instrumentInfo>
              <gocl:instrumentModel>Erdbodenthermometer</gocl:instrumentModel>
              <gocl:observingMethod>Temperaturmessung, konv.</gocl:observingMethod>
              <gocl:distanceFromReferenceSurface>-.2</gocl:distanceFromReferenceSurface>
              <gocl:modDTFrom>1981-01-01T00:00:00</gocl:modDTFrom>
              <gocl:modDTUntil>1985-06-30T00:00:00</gocl:modDTUntil>
            </gocl:instrumentInfo>
            <gocl:instrumentInfo>
              <gocl:instrumentModel>Erdboden-Tiefenthermometer</gocl:instrumentModel>
              <gocl:observingMethod>Temperaturmessung, konv.</gocl:observingMethod>
              <gocl:distanceFromReferenceSurface>-.5</gocl:distanceFromReferenceSurface>
              <gocl:modDTFrom>1981-01-01T00:00:00</gocl:modDTFrom>
              <gocl:modDTUntil>1985-06-30T00:00:00</gocl:modDTUntil>
            </gocl:instrumentInfo>
            <gocl:instrumentInfo>
              <gocl:instrumentModel>Erdbodenthermometer</gocl:instrumentModel>
              <gocl:observingMethod>Temperaturmessung, konv.</gocl:observingMethod>
              <gocl:distanceFromReferenceSurface>-.02</gocl:distanceFromReferenceSurface>
              <gocl:modDTFrom>1981-01-01T00:00:00</gocl:modDTFrom>
              <gocl:modDTUntil>1983-02-05T00:00:00</gocl:modDTUntil>
            </gocl:instrumentInfo>
          </gocl:instrument>
          <wmdscl:dataProcessingAndReporting>
            <wmdscl:dataProcessingAndReportingInfo>
              <dwdcdc:mezaId>432300155726</dwdcdc:mezaId>
              <dwdcdc:mezaDescription>TE02M :ERDBODENTEMPERATUR</dwdcdc:mezaDescription>
              <gocl:modDTFrom>1981-01-01T00:00:00.000000</gocl:modDTFrom>
              <gocl:modDTUntil>1985-06-30T00:00:00.000000</gocl:modDTUntil>
              <wmdscl:processingMethod>Mittelwert</wmdscl:processingMethod>
              <wmdscl:aggregationPeriod>1 Tag</wmdscl:aggregationPeriod>
              <wmdscl:referenceTime>undefined</wmdscl:referenceTime>
              <wmdscl:referenceDate>undefined</wmdscl:referenceDate>
            </wmdscl:dataProcessingAndReportingInfo>
            <wmdscl:dataProcessingAndReportingInfo>
              <dwdcdc:mezaId>432300037198</dwdcdc:mezaId>
              <dwdcdc:mezaDescription>TE10M :ERDBODENTEMPERATUR</dwdcdc:mezaDescription>
              <gocl:modDTFrom>1981-01-01T00:00:00.000000</gocl:modDTFrom>
              <gocl:modDTUntil>1985-06-30T00:00:00.000000</gocl:modDTUntil>
              <wmdscl:processingMethod>Mittelwert</wmdscl:processingMethod>
              <wmdscl:aggregationPeriod>1 Tag</wmdscl:aggregationPeriod>
              <wmdscl:referenceTime>undefined</wmdscl:referenceTime>
              <wmdscl:referenceDate>undefined</wmdscl:referenceDate>
            </wmdscl:dataProcessingAndReportingInfo>
            <wmdscl:dataProcessingAndReportingInfo>
              <dwdcdc:mezaId>432300449550</dwdcdc:mezaId>
              <dwdcdc:mezaDescription>TE50M :ERDBODENTEMPERATUR</dwdcdc:mezaDescription>
              <gocl:modDTFrom>1981-01-01T00:00:00.000000</gocl:modDTFrom>
              <gocl:modDTUntil>1985-06-30T00:00:00.000000</gocl:modDTUntil>
              <wmdscl:processingMethod>Mittelwert</wmdscl:processingMethod>
              <wmdscl:aggregationPeriod>1 Tag</wmdscl:aggregationPeriod>
              <wmdscl:referenceTime>undefined</wmdscl:referenceTime>
              <wmdscl:referenceDate>undefined</wmdscl:referenceDate>
            </wmdscl:dataProcessingAndReportingInfo>
            <wmdscl:dataProcessingAndReportingInfo>
              <dwdcdc:mezaId>432300743374</dwdcdc:mezaId>
              <dwdcdc:mezaDescription>TE20M :ERDBODENTEMPERATUR</dwdcdc:mezaDescription>
              <gocl:modDTFrom>1981-01-01T00:00:00.000000</gocl:modDTFrom>
              <gocl:modDTUntil>1985-06-30T00:00:00.000000</gocl:modDTUntil>
              <wmdscl:processingMethod>Mittelwert</wmdscl:processingMethod>
              <wmdscl:aggregationPeriod>1 Tag</wmdscl:aggregationPeriod>
              <wmdscl:referenceTime>undefined</wmdscl:referenceTime>
              <wmdscl:referenceDate>undefined</wmdscl:referenceDate>
            </wmdscl:dataProcessingAndReportingInfo>
            <wmdscl:dataProcessingAndReportingInfo>
              <dwdcdc:mezaId>432300331022</dwdcdc:mezaId>
              <dwdcdc:mezaDescription>TE05M :ERDBODENTEMPERATUR</dwdcdc:mezaDescription>
              <gocl:modDTFrom>1981-01-01T00:00:00.000000</gocl:modDTFrom>
              <gocl:modDTUntil>1985-06-30T00:00:00.000000</gocl:modDTUntil>
              <wmdscl:processingMethod>Mittelwert</wmdscl:processingMethod>
              <wmdscl:aggregationPeriod>1 Tag</wmdscl:aggregationPeriod>
              <wmdscl:referenceTime>undefined</wmdscl:referenceTime>
              <wmdscl:referenceDate>undefined</wmdscl:referenceDate>
            </wmdscl:dataProcessingAndReportingInfo>
            <wmdscl:dataProcessingAndReportingInfo>
              <dwdcdc:mezaId>432300723406</dwdcdc:mezaId>
              <dwdcdc:mezaDescription>TE02 :ERDBODENTEMPERATUR</dwdcdc:mezaDescription>
              <gocl:modDTFrom>1981-01-01T07:00:00.000000</gocl:modDTFrom>
              <gocl:modDTUntil>1985-06-30T21:00:00.000000</gocl:modDTUntil>
              <wmdscl:processingMethod>Instantan:Instantan oder Messwert für den das Zeitintervall nicht weiter aufgelöst werden kann</wmdscl:processingMethod>
              <wmdscl:aggregationPeriod>1 Stunde</wmdscl:aggregationPeriod>
              <wmdscl:referenceTime>undefined</wmdscl:referenceTime>
              <wmdscl:referenceDate>undefined</wmdscl:referenceDate>
            </wmdscl:dataProcessingAndReportingInfo>
            <wmdscl:dataProcessingAndReportingInfo>
              <dwdcdc:mezaId>432300841934</dwdcdc:mezaId>
              <dwdcdc:mezaDescription>TE20 :ERDBODENTEMPERATUR</dwdcdc:mezaDescription>
              <gocl:modDTFrom>1981-01-01T07:00:00.000000</gocl:modDTFrom>
              <gocl:modDTUntil>1985-06-30T21:00:00.000000</gocl:modDTUntil>
              <wmdscl:processingMethod>Instantan:Instantan oder Messwert für den das Zeitintervall nicht weiter aufgelöst werden kann</wmdscl:processingMethod>
              <wmdscl:aggregationPeriod>1 Stunde</wmdscl:aggregationPeriod>
              <wmdscl:referenceTime>undefined</wmdscl:referenceTime>
              <wmdscl:referenceDate>undefined</wmdscl:referenceDate>
            </wmdscl:dataProcessingAndReportingInfo>
            <wmdscl:dataProcessingAndReportingInfo>
              <dwdcdc:mezaId>432300548110</dwdcdc:mezaId>
              <dwdcdc:mezaDescription>TE50 :ERDBODENTEMPERATUR</dwdcdc:mezaDescription>
              <gocl:modDTFrom>1981-01-01T07:00:00.000000</gocl:modDTFrom>
              <gocl:modDTUntil>1985-06-30T21:00:00.000000</gocl:modDTUntil>
              <wmdscl:processingMethod>Instantan:Instantan oder Messwert für den das Zeitintervall nicht weiter aufgelöst werden kann</wmdscl:processingMethod>
              <wmdscl:aggregationPeriod>1 Stunde</wmdscl:aggregationPeriod>
              <wmdscl:referenceTime>undefined</wmdscl:referenceTime>
              <wmdscl:referenceDate>undefined</wmdscl:referenceDate>
            </wmdscl:dataProcessingAndReportingInfo>
            <wmdscl:dataProcessingAndReportingInfo>
              <dwdcdc:mezaId>432300254286</dwdcdc:mezaId>
              <dwdcdc:mezaDescription>TE100 :ERDBODENTEMPERATUR</dwdcdc:mezaDescription>
              <gocl:modDTFrom>1981-01-01T14:00:00.000000</gocl:modDTFrom>
              <gocl:modDTUntil>1985-06-30T14:00:00.000000</gocl:modDTUntil>
              <wmdscl:processingMethod>Instantan:Instantan oder Messwert für den das Zeitintervall nicht weiter aufgelöst werden kann</wmdscl:processingMethod>
              <wmdscl:aggregationPeriod>1 Stunde</wmdscl:aggregationPeriod>
              <wmdscl:referenceTime>undefined</wmdscl:referenceTime>
              <wmdscl:referenceDate>undefined</wmdscl:referenceDate>
            </wmdscl:dataProcessingAndReportingInfo>
            <wmdscl:dataProcessingAndReportingInfo>
              <dwdcdc:mezaId>432300429582</dwdcdc:mezaId>
              <dwdcdc:mezaDescription>TE05 :ERDBODENTEMPERATUR</dwdcdc:mezaDescription>
              <gocl:modDTFrom>1981-01-01T07:00:00.000000</gocl:modDTFrom>
              <gocl:modDTUntil>1985-06-30T21:00:00.000000</gocl:modDTUntil>
              <wmdscl:processingMethod>Instantan:Instantan oder Messwert für den das Zeitintervall nicht weiter aufgelöst werden kann</wmdscl:processingMethod>
              <wmdscl:aggregationPeriod>1 Stunde</wmdscl:aggregationPeriod>
              <wmdscl:referenceTime>undefined</wmdscl:referenceTime>
              <wmdscl:referenceDate>undefined</wmdscl:referenceDate>
            </wmdscl:dataProcessingAndReportingInfo>
          </wmdscl:dataProcessingAndReporting>
        </wmdscl:observedVariableInfo>
        <wmdscl:observedVariableInfo>Temperatur (Luft)<gocl:instrument>
            <gocl:instrumentInfo>
              <gocl:instrumentModel>Minimumthermometer</gocl:instrumentModel>
              <gocl:observingMethod>Temperaturmessung, konv.</gocl:observingMethod>
              <gocl:distanceFromReferenceSurface>.05</gocl:distanceFromReferenceSurface>
              <gocl:modDTFrom>1957-01-01T00:00:00</gocl:modDTFrom>
              <gocl:modDTUntil>1985-06-30T00:00:00</gocl:modDTUntil>
            </gocl:instrumentInfo>
            <gocl:instrumentInfo>
              <gocl:instrumentModel>Minimumthermometer</gocl:instrumentModel>
              <gocl:observingMethod>Temperaturmessung, konv.</gocl:observingMethod>
              <gocl:distanceFromReferenceSurface>2.1</gocl:distanceFromReferenceSurface>
              <gocl:modDTFrom>1957-01-01T00:00:00</gocl:modDTFrom>
              <gocl:modDTUntil>1985-06-30T00:00:00</gocl:modDTUntil>
            </gocl:instrumentInfo>
            <gocl:instrumentInfo>
              <gocl:instrumentModel>Maximumthermometer</gocl:instrumentModel>
              <gocl:observingMethod>Temperaturmessung, konv.</gocl:observingMethod>
              <gocl:distanceFromReferenceSurface>2.1</gocl:distanceFromReferenceSurface>
              <gocl:modDTFrom>1957-01-01T00:00:00</gocl:modDTFrom>
              <gocl:modDTUntil>1985-06-30T00:00:00</gocl:modDTUntil>
            </gocl:instrumentInfo>
          </gocl:instrument>
          <wmdscl:dataProcessingAndReporting>
            <wmdscl:dataProcessingAndReportingInfo>
              <dwdcdc:mezaId>432300953614</dwdcdc:mezaId>
              <dwdcdc:mezaDescription>TNK :LUFTTEMPERATUR_MINIMUM</dwdcdc:mezaDescription>
              <gocl:modDTFrom>1957-01-01T00:00:00.000000</gocl:modDTFrom>
              <gocl:modDTUntil>1985-06-30T00:00:00.000000</gocl:modDTUntil>
              <wmdscl:processingMethod>Minimum</wmdscl:processingMethod>
              <wmdscl:aggregationPeriod>1 Tag</wmdscl:aggregationPeriod>
              <wmdscl:referenceTime>undefined</wmdscl:referenceTime>
              <wmdscl:referenceDate>undefined</wmdscl:referenceDate>
            </wmdscl:dataProcessingAndReportingInfo>
            <wmdscl:dataProcessingAndReportingInfo>
              <dwdcdc:mezaId>432300624846</dwdcdc:mezaId>
              <dwdcdc:mezaDescription>MO_TT :LUFTTEMPERATUR</dwdcdc:mezaDescription>
              <gocl:modDTFrom>1866-01-01T00:00:00.000000</gocl:modDTFrom>
              <gocl:modDTUntil>1985-06-01T00:00:00.000000</gocl:modDTUntil>
              <wmdscl:processingMethod>Mittelwert</wmdscl:processingMethod>
              <wmdscl:aggregationPeriod>1 Monat</wmdscl:aggregationPeriod>
              <wmdscl:referenceTime>undefined</wmdscl:referenceTime>
              <wmdscl:referenceDate>undefined</wmdscl:referenceDate>
            </wmdscl:dataProcessingAndReportingInfo>
            <wmdscl:dataProcessingAndReportingInfo>
              <dwdcdc:mezaId>432300350990</dwdcdc:mezaId>
              <dwdcdc:mezaDescription>JA_TT :LUFTTEMPERATUR</dwdcdc:mezaDescription>
              <gocl:modDTFrom>1866-01-01T00:00:00.000000</gocl:modDTFrom>
              <gocl:modDTUntil>1984-01-01T00:00:00.000000</gocl:modDTUntil>
              <wmdscl:processingMethod>Mittelwert</wmdscl:processingMethod>
              <wmdscl:aggregationPeriod>1 Jahr</wmdscl:aggregationPeriod>
              <wmdscl:referenceTime>undefined</wmdscl:referenceTime>
              <wmdscl:referenceDate>undefined</wmdscl:referenceDate>
            </wmdscl:dataProcessingAndReportingInfo>
            <wmdscl:dataProcessingAndReportingInfo>
              <dwdcdc:mezaId>432300706574</dwdcdc:mezaId>
              <dwdcdc:mezaDescription>TMK :LUFTTEMPERATUR</dwdcdc:mezaDescription>
              <gocl:modDTFrom>1957-01-01T00:00:00.000000</gocl:modDTFrom>
              <gocl:modDTUntil>1985-06-30T00:00:00.000000</gocl:modDTUntil>
              <wmdscl:processingMethod>Mittelwert</wmdscl:processingMethod>
              <wmdscl:aggregationPeriod>1 Tag</wmdscl:aggregationPeriod>
              <wmdscl:referenceTime>undefined</wmdscl:referenceTime>
              <wmdscl:referenceDate>undefined</wmdscl:referenceDate>
            </wmdscl:dataProcessingAndReportingInfo>
            <wmdscl:dataProcessingAndReportingInfo>
              <dwdcdc:mezaId>432300237454</dwdcdc:mezaId>
              <dwdcdc:mezaDescription>TXK :LUFTTEMPERATUR_MAXIMUM</dwdcdc:mezaDescription>
              <gocl:modDTFrom>1957-01-01T00:00:00.000000</gocl:modDTFrom>
              <gocl:modDTUntil>1985-06-30T00:00:00.000000</gocl:modDTUntil>
              <wmdscl:processingMethod>Maximum</wmdscl:processingMethod>
              <wmdscl:aggregationPeriod>1 Tag</wmdscl:aggregationPeriod>
              <wmdscl:referenceTime>undefined</wmdscl:referenceTime>
              <wmdscl:referenceDate>undefined</wmdscl:referenceDate>
            </wmdscl:dataProcessingAndReportingInfo>
          </wmdscl:dataProcessingAndReporting>
        </wmdscl:observedVariableInfo>
        <wmdscl:observedVariableInfo>Temperatur / Feuchte<gocl:instrument>
            <gocl:instrumentInfo>
              <gocl:instrumentModel>Psychrometerthermometer (feucht)</gocl:instrumentModel>
              <gocl:observingMethod>Temperatur/Feuchtemessung, konv.</gocl:observingMethod>
              <gocl:distanceFromReferenceSurface>2</gocl:distanceFromReferenceSurface>
              <gocl:modDTFrom>1957-01-01T00:00:00</gocl:modDTFrom>
              <gocl:modDTUntil>1985-06-30T00:00:00</gocl:modDTUntil>
            </gocl:instrumentInfo>
            <gocl:instrumentInfo>
              <gocl:instrumentModel>Psychrometerthermometer (trocken)</gocl:instrumentModel>
              <gocl:observingMethod>Temperatur/Feuchtemessung, konv.</gocl:observingMethod>
              <gocl:distanceFromReferenceSurface>2</gocl:distanceFromReferenceSurface>
              <gocl:modDTFrom>1957-01-01T00:00:00</gocl:modDTFrom>
              <gocl:modDTUntil>1985-06-30T00:00:00</gocl:modDTUntil>
            </gocl:instrumentInfo>
          </gocl:instrument>
          <wmdscl:dataProcessingAndReporting>
            <wmdscl:dataProcessingAndReportingInfo>
              <dwdcdc:mezaId>432300706574</dwdcdc:mezaId>
              <dwdcdc:mezaDescription>TMK :LUFTTEMPERATUR</dwdcdc:mezaDescription>
              <gocl:modDTFrom>1957-01-01T00:00:00.000000</gocl:modDTFrom>
              <gocl:modDTUntil>1985-06-30T00:00:00.000000</gocl:modDTUntil>
              <wmdscl:processingMethod>Mittelwert</wmdscl:processingMethod>
              <wmdscl:aggregationPeriod>1 Tag</wmdscl:aggregationPeriod>
              <wmdscl:referenceTime>undefined</wmdscl:referenceTime>
              <wmdscl:referenceDate>undefined</wmdscl:referenceDate>
            </wmdscl:dataProcessingAndReportingInfo>
            <wmdscl:dataProcessingAndReportingInfo>
              <dwdcdc:mezaId>432300118926</dwdcdc:mezaId>
              <dwdcdc:mezaDescription>UPM :REL_FEUCHTE</dwdcdc:mezaDescription>
              <gocl:modDTFrom>1957-01-01T00:00:00.000000</gocl:modDTFrom>
              <gocl:modDTUntil>1985-06-30T00:00:00.000000</gocl:modDTUntil>
              <wmdscl:processingMethod>Mittelwert</wmdscl:processingMethod>
              <wmdscl:aggregationPeriod>1 Tag</wmdscl:aggregationPeriod>
              <wmdscl:referenceTime>undefined</wmdscl:referenceTime>
              <wmdscl:referenceDate>undefined</wmdscl:referenceDate>
            </wmdscl:dataProcessingAndReportingInfo>
            <wmdscl:dataProcessingAndReportingInfo>
              <dwdcdc:mezaId>432300350990</dwdcdc:mezaId>
              <dwdcdc:mezaDescription>JA_TT :LUFTTEMPERATUR</dwdcdc:mezaDescription>
              <gocl:modDTFrom>1866-01-01T00:00:00.000000</gocl:modDTFrom>
              <gocl:modDTUntil>1984-01-01T00:00:00.000000</gocl:modDTUntil>
              <wmdscl:processingMethod>Mittelwert</wmdscl:processingMethod>
              <wmdscl:aggregationPeriod>1 Jahr</wmdscl:aggregationPeriod>
              <wmdscl:referenceTime>undefined</wmdscl:referenceTime>
              <wmdscl:referenceDate>undefined</wmdscl:referenceDate>
            </wmdscl:dataProcessingAndReportingInfo>
            <wmdscl:dataProcessingAndReportingInfo>
              <dwdcdc:mezaId>432300624846</dwdcdc:mezaId>
              <dwdcdc:mezaDescription>MO_TT :LUFTTEMPERATUR</dwdcdc:mezaDescription>
              <gocl:modDTFrom>1866-01-01T00:00:00.000000</gocl:modDTFrom>
              <gocl:modDTUntil>1985-06-01T00:00:00.000000</gocl:modDTUntil>
              <wmdscl:processingMethod>Mittelwert</wmdscl:processingMethod>
              <wmdscl:aggregationPeriod>1 Monat</wmdscl:aggregationPeriod>
              <wmdscl:referenceTime>undefined</wmdscl:referenceTime>
              <wmdscl:referenceDate>undefined</wmdscl:referenceDate>
            </wmdscl:dataProcessingAndReportingInfo>
            <wmdscl:dataProcessingAndReportingInfo>
              <dwdcdc:mezaId>432300933646</dwdcdc:mezaId>
              <dwdcdc:mezaDescription>MO_RF :REL_FEUCHTE</dwdcdc:mezaDescription>
              <gocl:modDTFrom>1957-01-01T00:00:00.000000</gocl:modDTFrom>
              <gocl:modDTUntil>1985-06-01T00:00:00.000000</gocl:modDTUntil>
              <wmdscl:processingMethod>Mittelwert</wmdscl:processingMethod>
              <wmdscl:aggregationPeriod>1 Monat</wmdscl:aggregationPeriod>
              <wmdscl:referenceTime>undefined</wmdscl:referenceTime>
              <wmdscl:referenceDate>undefined</wmdscl:referenceDate>
            </wmdscl:dataProcessingAndReportingInfo>
            <wmdscl:dataProcessingAndReportingInfo>
              <dwdcdc:mezaId>432300701582</dwdcdc:mezaId>
              <dwdcdc:mezaDescription>JA_RF :REL_FEUCHTE</dwdcdc:mezaDescription>
              <gocl:modDTFrom>1957-01-01T00:00:00.000000</gocl:modDTFrom>
              <gocl:modDTUntil>1984-01-01T00:00:00.000000</gocl:modDTUntil>
              <wmdscl:processingMethod>Mittelwert</wmdscl:processingMethod>
              <wmdscl:aggregationPeriod>1 Jahr</wmdscl:aggregationPeriod>
              <wmdscl:referenceTime>undefined</wmdscl:referenceTime>
              <wmdscl:referenceDate>undefined</wmdscl:referenceDate>
            </wmdscl:dataProcessingAndReportingInfo>
          </wmdscl:dataProcessingAndReporting>
        </wmdscl:observedVariableInfo>
        <wmdscl:observedVariableInfo>Wind<gocl:instrument>
            <gocl:instrumentInfo>
              <gocl:instrumentModel>Ultrasonic Anemometer 3D</gocl:instrumentModel>
              <gocl:observingMethod>Windmessung, elektr.</gocl:observingMethod>
              <gocl:distanceFromReferenceSurface>10</gocl:distanceFromReferenceSurface>
              <gocl:modDTFrom>2019-05-28T00:00:00</gocl:modDTFrom>
              <gocl:modDTUntil>...</gocl:modDTUntil>
            </gocl:instrumentInfo>
            <gocl:instrumentInfo>
              <gocl:instrumentModel>Windrichtungssensor Classic 4.3121</gocl:instrumentModel>
              <gocl:observingMethod>Windmessung, elektr.</gocl:observingMethod>
              <gocl:distanceFromReferenceSurface>10</gocl:distanceFromReferenceSurface>
              <gocl:modDTFrom>2018-01-24T00:00:00</gocl:modDTFrom>
              <gocl:modDTUntil>2019-05-28T00:00:00</gocl:modDTUntil>
            </gocl:instrumentInfo>
            <gocl:instrumentInfo>
              <gocl:instrumentModel>Windsensor Classic 4.3303</gocl:instrumentModel>
              <gocl:observingMethod>Windmessung, elektr.</gocl:observingMethod>
              <gocl:distanceFromReferenceSurface>10</gocl:distanceFromReferenceSurface>
              <gocl:modDTFrom>2018-01-24T00:00:00</gocl:modDTFrom>
              <gocl:modDTUntil>2019-05-28T00:00:00</gocl:modDTUntil>
            </gocl:instrumentInfo>
            <gocl:instrumentInfo>
              <gocl:instrumentModel>Windrichtungssensor Classic 4.3121</gocl:instrumentModel>
              <gocl:observingMethod>Windmessung, elektr.</gocl:observingMethod>
              <gocl:distanceFromReferenceSurface>10</gocl:distanceFromReferenceSurface>
              <gocl:modDTFrom>2015-11-18T00:00:00</gocl:modDTFrom>
              <gocl:modDTUntil>2018-01-23T00:00:00</gocl:modDTUntil>
            </gocl:instrumentInfo>
            <gocl:instrumentInfo>
              <gocl:instrumentModel>Windsensor Classic 4.3303</gocl:instrumentModel>
              <gocl:observingMethod>Windmessung, elektr.</gocl:observingMethod>
              <gocl:distanceFromReferenceSurface>10</gocl:distanceFromReferenceSurface>
              <gocl:modDTFrom>2015-11-18T00:00:00</gocl:modDTFrom>
              <gocl:modDTUntil>2018-01-23T00:00:00</gocl:modDTUntil>
            </gocl:instrumentInfo>
            <gocl:instrumentInfo>
              <gocl:instrumentModel>Windrichtungssensor Classic 4.3121</gocl:instrumentModel>
              <gocl:observingMethod>Windmessung, elektr.</gocl:observingMethod>
              <gocl:distanceFromReferenceSurface>10</gocl:distanceFromReferenceSurface>
              <gocl:modDTFrom>2015-10-21T00:00:00</gocl:modDTFrom>
              <gocl:modDTUntil>2015-11-17T00:00:00</gocl:modDTUntil>
            </gocl:instrumentInfo>
            <gocl:instrumentInfo>
              <gocl:instrumentModel>Windsensor Classic 4.3303</gocl:instrumentModel>
              <gocl:observingMethod>Windmessung, elektr.</gocl:observingMethod>
              <gocl:distanceFromReferenceSurface>10</gocl:distanceFromReferenceSurface>
              <gocl:modDTFrom>2015-10-21T00:00:00</gocl:modDTFrom>
              <gocl:modDTUntil>2015-11-17T00:00:00</gocl:modDTUntil>
            </gocl:instrumentInfo>
            <gocl:instrumentInfo>
              <gocl:instrumentModel>Windsensor Classic 4.3303</gocl:instrumentModel>
              <gocl:observingMethod>Windmessung, elektr.</gocl:observingMethod>
              <gocl:distanceFromReferenceSurface>10</gocl:distanceFromReferenceSurface>
              <gocl:modDTFrom>2013-08-21T00:00:00</gocl:modDTFrom>
              <gocl:modDTUntil>2015-10-20T00:00:00</gocl:modDTUntil>
            </gocl:instrumentInfo>
            <gocl:instrumentInfo>
              <gocl:instrumentModel>Windrichtungssensor Classic 4.3121</gocl:instrumentModel>
              <gocl:observingMethod>Windmessung, elektr.</gocl:observingMethod>
              <gocl:distanceFromReferenceSurface>10</gocl:distanceFromReferenceSurface>
              <gocl:modDTFrom>2013-08-21T00:00:00</gocl:modDTFrom>
              <gocl:modDTUntil>2015-10-20T00:00:00</gocl:modDTUntil>
            </gocl:instrumentInfo>
            <gocl:instrumentInfo>
              <gocl:instrumentModel>Windsensor Classic 4.3303</gocl:instrumentModel>
              <gocl:observingMethod>Windmessung, elektr.</gocl:observingMethod>
              <gocl:distanceFromReferenceSurface>10</gocl:distanceFromReferenceSurface>
              <gocl:modDTFrom>2011-09-28T00:00:00</gocl:modDTFrom>
              <gocl:modDTUntil>2013-08-20T00:00:00</gocl:modDTUntil>
            </gocl:instrumentInfo>
            <gocl:instrumentInfo>
              <gocl:instrumentModel>Windrichtungssensor Classic 4.3121</gocl:instrumentModel>
              <gocl:observingMethod>Windmessung, elektr.</gocl:observingMethod>
              <gocl:distanceFromReferenceSurface>10</gocl:distanceFromReferenceSurface>
              <gocl:modDTFrom>2011-09-28T00:00:00</gocl:modDTFrom>
              <gocl:modDTUntil>2013-08-20T00:00:00</gocl:modDTUntil>
            </gocl:instrumentInfo>
            <gocl:instrumentInfo>
              <gocl:instrumentModel>Windsensor Classic 4.3303</gocl:instrumentModel>
              <gocl:observingMethod>Windmessung, elektr.</gocl:observingMethod>
              <gocl:distanceFromReferenceSurface>10</gocl:distanceFromReferenceSurface>
              <gocl:modDTFrom>2007-08-02T00:00:00</gocl:modDTFrom>
              <gocl:modDTUntil>2011-09-27T00:00:00</gocl:modDTUntil>
            </gocl:instrumentInfo>
            <gocl:instrumentInfo>
              <gocl:instrumentModel>Windrichtungssensor Classic 4.3121</gocl:instrumentModel>
              <gocl:observingMethod>Windmessung, elektr.</gocl:observingMethod>
              <gocl:distanceFromReferenceSurface>10</gocl:distanceFromReferenceSurface>
              <gocl:modDTFrom>2007-08-02T00:00:00</gocl:modDTFrom>
              <gocl:modDTUntil>2011-09-27T00:00:00</gocl:modDTUntil>
            </gocl:instrumentInfo>
            <gocl:instrumentInfo>
              <gocl:instrumentModel>Windsensor Classic 4.3303</gocl:instrumentModel>
              <gocl:observingMethod>Windmessung, elektr.</gocl:observingMethod>
              <gocl:distanceFromReferenceSurface>10</gocl:distanceFromReferenceSurface>
              <gocl:modDTFrom>2007-03-20T00:00:00</gocl:modDTFrom>
              <gocl:modDTUntil>2007-08-01T00:00:00</gocl:modDTUntil>
            </gocl:instrumentInfo>
            <gocl:instrumentInfo>
              <gocl:instrumentModel>Windrichtungssensor Classic 4.3121</gocl:instrumentModel>
              <gocl:observingMethod>Windmessung, elektr.</gocl:observingMethod>
              <gocl:distanceFromReferenceSurface>10</gocl:distanceFromReferenceSurface>
              <gocl:modDTFrom>2007-03-20T00:00:00</gocl:modDTFrom>
              <gocl:modDTUntil>2007-08-01T00:00:00</gocl:modDTUntil>
            </gocl:instrumentInfo>
            <gocl:instrumentInfo>
              <gocl:instrumentModel>Windrichtungssensor Classic 4.3121</gocl:instrumentModel>
              <gocl:observingMethod>Windmessung, elektr.</gocl:observingMethod>
              <gocl:distanceFromReferenceSurface>10</gocl:distanceFromReferenceSurface>
              <gocl:modDTFrom>2006-06-01T00:00:00</gocl:modDTFrom>
              <gocl:modDTUntil>2007-03-19T00:00:00</gocl:modDTUntil>
            </gocl:instrumentInfo>
            <gocl:instrumentInfo>
              <gocl:instrumentModel>Windsensor Classic 4.3303</gocl:instrumentModel>
              <gocl:observingMethod>Windmessung, elektr.</gocl:observingMethod>
              <gocl:distanceFromReferenceSurface>10</gocl:distanceFromReferenceSurface>
              <gocl:modDTFrom>2006-06-01T00:00:00</gocl:modDTFrom>
              <gocl:modDTUntil>2007-03-19T00:00:00</gocl:modDTUntil>
            </gocl:instrumentInfo>
            <gocl:instrumentInfo>
              <gocl:instrumentModel>Windrichtungssensor Classic 4.3121</gocl:instrumentModel>
              <gocl:observingMethod>Windmessung, elektr.</gocl:observingMethod>
              <gocl:distanceFromReferenceSurface>10</gocl:distanceFromReferenceSurface>
              <gocl:modDTFrom>2003-10-02T00:00:00</gocl:modDTFrom>
              <gocl:modDTUntil>2006-05-16T00:00:00</gocl:modDTUntil>
            </gocl:instrumentInfo>
            <gocl:instrumentInfo>
              <gocl:instrumentModel>Windsensor Classic 4.3303</gocl:instrumentModel>
              <gocl:observingMethod>Windmessung, elektr.</gocl:observingMethod>
              <gocl:distanceFromReferenceSurface>10</gocl:distanceFromReferenceSurface>
              <gocl:modDTFrom>2003-10-02T00:00:00</gocl:modDTFrom>
              <gocl:modDTUntil>2006-05-16T00:00:00</gocl:modDTUntil>
            </gocl:instrumentInfo>
            <gocl:instrumentInfo>
              <gocl:instrumentModel>Windsensor Classic 4.3303</gocl:instrumentModel>
              <gocl:observingMethod>Windmessung, elektr.</gocl:observingMethod>
              <gocl:distanceFromReferenceSurface>10</gocl:distanceFromReferenceSurface>
              <gocl:modDTFrom>1999-05-01T00:00:00</gocl:modDTFrom>
              <gocl:modDTUntil>2003-09-25T00:00:00</gocl:modDTUntil>
            </gocl:instrumentInfo>
            <gocl:instrumentInfo>
              <gocl:instrumentModel>Windrichtungssensor Classic 4.3121</gocl:instrumentModel>
              <gocl:observingMethod>Windmessung, elektr.</gocl:observingMethod>
              <gocl:distanceFromReferenceSurface>10</gocl:distanceFromReferenceSurface>
              <gocl:modDTFrom>1999-05-01T00:00:00</gocl:modDTFrom>
              <gocl:modDTUntil>2003-09-25T00:00:00</gocl:modDTUntil>
            </gocl:instrumentInfo>
            <gocl:instrumentInfo>
              <gocl:instrumentModel>Windsensor Classic 4.3303</gocl:instrumentModel>
              <gocl:observingMethod>Windmessung, elektr.</gocl:observingMethod>
              <gocl:distanceFromReferenceSurface>10</gocl:distanceFromReferenceSurface>
              <gocl:modDTFrom>1998-09-01T00:00:00</gocl:modDTFrom>
              <gocl:modDTUntil>1999-04-16T00:00:00</gocl:modDTUntil>
            </gocl:instrumentInfo>
            <gocl:instrumentInfo>
              <gocl:instrumentModel>Windrichtungssensor Classic 4.3121</gocl:instrumentModel>
              <gocl:observingMethod>Windmessung, elektr.</gocl:observingMethod>
              <gocl:distanceFromReferenceSurface>10</gocl:distanceFromReferenceSurface>
              <gocl:modDTFrom>1998-09-01T00:00:00</gocl:modDTFrom>
              <gocl:modDTUntil>1999-04-16T00:00:00</gocl:modDTUntil>
            </gocl:instrumentInfo>
            <gocl:instrumentInfo>
              <gocl:instrumentModel>Windrichtungssensor Classic 4.3121</gocl:instrumentModel>
              <gocl:observingMethod>Windmessung, elektr.</gocl:observingMethod>
              <gocl:distanceFromReferenceSurface>10</gocl:distanceFromReferenceSurface>
              <gocl:modDTFrom>1998-04-01T00:00:00</gocl:modDTFrom>
              <gocl:modDTUntil>1998-08-16T00:00:00</gocl:modDTUntil>
            </gocl:instrumentInfo>
            <gocl:instrumentInfo>
              <gocl:instrumentModel>Windsensor Classic 4.3303</gocl:instrumentModel>
              <gocl:observingMethod>Windmessung, elektr.</gocl:observingMethod>
              <gocl:distanceFromReferenceSurface>10</gocl:distanceFromReferenceSurface>
              <gocl:modDTFrom>1998-04-01T00:00:00</gocl:modDTFrom>
              <gocl:modDTUntil>1998-08-16T00:00:00</gocl:modDTUntil>
            </gocl:instrumentInfo>
            <gocl:instrumentInfo>
              <gocl:instrumentModel>Windsensor Classic 4.3303</gocl:instrumentModel>
              <gocl:observingMethod>Windmessung, elektr.</gocl:observingMethod>
              <gocl:distanceFromReferenceSurface>10</gocl:distanceFromReferenceSurface>
              <gocl:modDTFrom>1996-12-01T00:00:00</gocl:modDTFrom>
              <gocl:modDTUntil>1998-03-16T00:00:00</gocl:modDTUntil>
            </gocl:instrumentInfo>
            <gocl:instrumentInfo>
              <gocl:instrumentModel>Windrichtungssensor Classic 4.3121</gocl:instrumentModel>
              <gocl:observingMethod>Windmessung, elektr.</gocl:observingMethod>
              <gocl:distanceFromReferenceSurface>10</gocl:distanceFromReferenceSurface>
              <gocl:modDTFrom>1996-12-01T00:00:00</gocl:modDTFrom>
              <gocl:modDTUntil>1998-03-16T00:00:00</gocl:modDTUntil>
            </gocl:instrumentInfo>
            <gocl:instrumentInfo>
              <gocl:instrumentModel>Windrichtungssensor Classic 4.3121</gocl:instrumentModel>
              <gocl:observingMethod>Windmessung, elektr.</gocl:observingMethod>
              <gocl:distanceFromReferenceSurface>10</gocl:distanceFromReferenceSurface>
              <gocl:modDTFrom>1996-03-01T00:00:00</gocl:modDTFrom>
              <gocl:modDTUntil>1996-11-16T00:00:00</gocl:modDTUntil>
            </gocl:instrumentInfo>
            <gocl:instrumentInfo>
              <gocl:instrumentModel>Windsensor Classic 4.3303</gocl:instrumentModel>
              <gocl:observingMethod>Windmessung, elektr.</gocl:observingMethod>
              <gocl:distanceFromReferenceSurface>10</gocl:distanceFromReferenceSurface>
              <gocl:modDTFrom>1996-03-01T00:00:00</gocl:modDTFrom>
              <gocl:modDTUntil>1996-11-16T00:00:00</gocl:modDTUntil>
            </gocl:instrumentInfo>
            <gocl:instrumentInfo>
              <gocl:instrumentModel>Universal-Windschreiber 90</gocl:instrumentModel>
              <gocl:observingMethod>Windmessung, elektromechanisch</gocl:observingMethod>
              <gocl:distanceFromReferenceSurface>10</gocl:distanceFromReferenceSurface>
              <gocl:modDTFrom>1982-12-01T00:00:00</gocl:modDTFrom>
              <gocl:modDTUntil>1996-02-29T00:00:00</gocl:modDTUntil>
            </gocl:instrumentInfo>
          </gocl:instrument>
          <wmdscl:dataProcessingAndReporting>
            <wmdscl:dataProcessingAndReportingInfo>
              <dwdcdc:mezaId>432300795150</dwdcdc:mezaId>
              <dwdcdc:mezaDescription>D :WINDRICHTUNG</dwdcdc:mezaDescription>
              <gocl:modDTFrom>1982-12-01T00:00:00.000000</gocl:modDTFrom>
              <gocl:modDTUntil>2020-07-07T23:00:00.000000</gocl:modDTUntil>
              <wmdscl:processingMethod>Mittelwert</wmdscl:processingMethod>
              <wmdscl:aggregationPeriod>1 Stunde</wmdscl:aggregationPeriod>
              <wmdscl:referenceTime>undefined</wmdscl:referenceTime>
              <wmdscl:referenceDate>undefined</wmdscl:referenceDate>
            </wmdscl:dataProcessingAndReportingInfo>
            <wmdscl:dataProcessingAndReportingInfo>
              <dwdcdc:mezaId>432300088974</dwdcdc:mezaId>
              <dwdcdc:mezaDescription>F :WINDGESCHWINDIGKEIT</dwdcdc:mezaDescription>
              <gocl:modDTFrom>1982-12-01T00:00:00.000000</gocl:modDTFrom>
              <gocl:modDTUntil>2020-07-07T23:00:00.000000</gocl:modDTUntil>
              <wmdscl:processingMethod>Mittelwert</wmdscl:processingMethod>
              <wmdscl:aggregationPeriod>1 Stunde</wmdscl:aggregationPeriod>
              <wmdscl:referenceTime>undefined</wmdscl:referenceTime>
              <wmdscl:referenceDate>undefined</wmdscl:referenceDate>
            </wmdscl:dataProcessingAndReportingInfo>
            <wmdscl:dataProcessingAndReportingInfo>
              <dwdcdc:mezaId>432300501326</dwdcdc:mezaId>
              <dwdcdc:mezaDescription>FM :WINDGESCHWINDIGKEIT</dwdcdc:mezaDescription>
              <gocl:modDTFrom>1982-12-01T00:00:00.000000</gocl:modDTFrom>
              <gocl:modDTUntil>2020-07-07T00:00:00.000000</gocl:modDTUntil>
              <wmdscl:processingMethod>Mittelwert</wmdscl:processingMethod>
              <wmdscl:aggregationPeriod>1 Tag</wmdscl:aggregationPeriod>
              <wmdscl:referenceTime>undefined</wmdscl:referenceTime>
              <wmdscl:referenceDate>undefined</wmdscl:referenceDate>
            </wmdscl:dataProcessingAndReportingInfo>
            <wmdscl:dataProcessingAndReportingInfo>
              <dwdcdc:mezaId>432300103950</dwdcdc:mezaId>
              <dwdcdc:mezaDescription>MO_FK :WINDSTAERKE</dwdcdc:mezaDescription>
              <gocl:modDTFrom>1957-01-01T00:00:00.000000</gocl:modDTFrom>
              <gocl:modDTUntil>1985-06-01T00:00:00.000000</gocl:modDTUntil>
              <wmdscl:processingMethod>Mittelwert</wmdscl:processingMethod>
              <wmdscl:aggregationPeriod>1 Monat</wmdscl:aggregationPeriod>
              <wmdscl:referenceTime>undefined</wmdscl:referenceTime>
              <wmdscl:referenceDate>undefined</wmdscl:referenceDate>
            </wmdscl:dataProcessingAndReportingInfo>
            <wmdscl:dataProcessingAndReportingInfo>
              <dwdcdc:mezaId>432300753358</dwdcdc:mezaId>
              <dwdcdc:mezaDescription>FF :WINDGESCHWINDIGKEIT</dwdcdc:mezaDescription>
              <gocl:modDTFrom>2006-06-01T00:00:00.000000</gocl:modDTFrom>
              <gocl:modDTUntil>2020-07-07T23:00:00.000000</gocl:modDTUntil>
              <wmdscl:processingMethod>Mittelwert</wmdscl:processingMethod>
              <wmdscl:aggregationPeriod>1 Stunde</wmdscl:aggregationPeriod>
              <wmdscl:referenceTime>undefined</wmdscl:referenceTime>
              <wmdscl:referenceDate>undefined</wmdscl:referenceDate>
            </wmdscl:dataProcessingAndReportingInfo>
            <wmdscl:dataProcessingAndReportingInfo>
              <dwdcdc:mezaId>432300047182</dwdcdc:mezaId>
              <dwdcdc:mezaDescription>DD :WINDRICHTUNG</dwdcdc:mezaDescription>
              <gocl:modDTFrom>2006-06-01T00:00:00.000000</gocl:modDTFrom>
              <gocl:modDTUntil>2020-07-07T23:00:00.000000</gocl:modDTUntil>
              <wmdscl:processingMethod>Mittelwert</wmdscl:processingMethod>
              <wmdscl:aggregationPeriod>1 Stunde</wmdscl:aggregationPeriod>
              <wmdscl:referenceTime>undefined</wmdscl:referenceTime>
              <wmdscl:referenceDate>undefined</wmdscl:referenceDate>
            </wmdscl:dataProcessingAndReportingInfo>
            <wmdscl:dataProcessingAndReportingInfo>
              <dwdcdc:mezaId>432300825102</dwdcdc:mezaId>
              <dwdcdc:mezaDescription>FMK :WINDSTAERKE</dwdcdc:mezaDescription>
              <gocl:modDTFrom>1957-01-01T00:00:00.000000</gocl:modDTFrom>
              <gocl:modDTUntil>1985-06-30T00:00:00.000000</gocl:modDTUntil>
              <wmdscl:processingMethod>Mittelwert</wmdscl:processingMethod>
              <wmdscl:aggregationPeriod>1 Tag</wmdscl:aggregationPeriod>
              <wmdscl:referenceTime>undefined</wmdscl:referenceTime>
              <wmdscl:referenceDate>undefined</wmdscl:referenceDate>
            </wmdscl:dataProcessingAndReportingInfo>
            <wmdscl:dataProcessingAndReportingInfo>
              <dwdcdc:mezaId>432300289230</dwdcdc:mezaId>
              <dwdcdc:mezaDescription>JA_FK :WINDSTAERKE</dwdcdc:mezaDescription>
              <gocl:modDTFrom>1957-01-01T00:00:00.000000</gocl:modDTFrom>
              <gocl:modDTUntil>1984-01-01T00:00:00.000000</gocl:modDTUntil>
              <wmdscl:processingMethod>Mittelwert</wmdscl:processingMethod>
              <wmdscl:aggregationPeriod>1 Jahr</wmdscl:aggregationPeriod>
              <wmdscl:referenceTime>undefined</wmdscl:referenceTime>
              <wmdscl:referenceDate>undefined</wmdscl:referenceDate>
            </wmdscl:dataProcessingAndReportingInfo>
          </wmdscl:dataProcessingAndReporting>
        </wmdscl:observedVariableInfo>
      </wmdscl:observedVariable>
    </go:observationInfo>
  </go:observation>
</go:station>
