{
  "id" : "b1f45bf5-fbcb-472a-98fd-4782b47668d7",
  "type" : "Observation-Collection",
  "href" : "https://cdc.dwd.de/portal/shortlink/b1f45bf5-fbcb-472a-98fd-4782b47668d7",
  "member" : [ {
    "id" : "DD_MN008",
    "type" : "Observation",
    "phenomenonTime" : {
      "timePeriod" : {
        "beginPosition" : "1949-01-01",
        "endPosition" : "2020-07-07"
      }
    },
    "procedure" : {
      "id" : "DD_MN008",
      "uuid" : "432300047182",
      "href" : "urn:x-wmo:md:de.dwd.cdc::DD_MN008",
      "title" : "Hourly station observations of wind direction 10 m above ground in degree",
      "uom" : "degree"
    },
    "featureOfInterest" : {
      "type" : "DataArray",
      "count" : 2,
      "record" : {
        "encoding" : {
          "blockSeparator" : "newline",
          "tokenSeparator" : ",",
          "tokenEnclosing" : "\"",
          "decimalSign" : "."
        },
        "fields" : [ {
          "ix" : 1,
          "name" : "SDO_ID",
          "type" : "string"
        }, {
          "ix" : 2,
          "name" : "SDO_Name",
          "type" : "string"
        }, {
          "ix" : 3,
          "name" : "Geogr_Laenge",
          "type" : "double"
        }, {
          "ix" : 4,
          "name" : "Geogr_Breite",
          "type" : "double"
        }, {
          "ix" : 5,
          "name" : "Hoehe_ueber_NN",
          "type" : "double"
        }, {
          "ix" : 6,
          "name" : "Metadata_Link",
          "type" : "string"
        } ]
      },
      "values" : {
        "href" : "data/sdo_DD_MN008.csv"
      }
    },
    "result" : {
      "type" : "DataArray",
      "count" : 361554,
      "record" : {
        "fields" : [ {
          "ix" : 1,
          "name" : "Produkt_Code",
          "type" : "string",
          "description" : "reference to procedure.id"
        }, {
          "ix" : 2,
          "name" : "SDO_ID",
          "type" : "string",
          "description" : "reference to featureOfInterest.id"
        }, {
          "ix" : 3,
          "name" : "Zeitstempel",
          "type" : "datetime",
          "uom" : {
            "href" : "http://www.opengis.net/def/uom/ISO-8601/0/Gregorian",
            "title" : ""
          }
        }, {
          "ix" : 4,
          "name" : "Wert",
          "type" : "double",
          "description" : "value of the procedure at specified point in time in the procuedure.uom"
        }, {
          "ix" : 5,
          "name" : "Qualitaet_Niveau",
          "type" : "string",
          "uom" : {
            "href" : "https://cdc.dwd.de/skos/taxon/qs/Qualitaetsniveau",
            "title" : ""
          }
        }, {
          "ix" : 6,
          "name" : "Qualitaet_Byte",
          "type" : "string",
          "uom" : {
            "href" : "https://cdc.dwd.de/skos/taxon/qs/Qualitaetsbyte",
            "title" : ""
          }
        } ]
      },
      "values" : {
        "href" : "data/data_DD_MN008.csv"
      }
    }
  }, {
    "id" : "F_MN003",
    "type" : "Observation",
    "phenomenonTime" : {
      "timePeriod" : {
        "beginPosition" : "1893-01-01",
        "endPosition" : "2020-07-07"
      }
    },
    "procedure" : {
      "id" : "F_MN003",
      "uuid" : "432300088974",
      "href" : "urn:x-wmo:md:de.dwd.cdc::F_MN003",
      "title" : "Hourly mean of station observations of wind speed ca. 10 m above ground in m/s",
      "uom" : "m/s"
    },
    "featureOfInterest" : {
      "type" : "DataArray",
      "count" : 2,
      "record" : {
        "encoding" : {
          "blockSeparator" : "newline",
          "tokenSeparator" : ",",
          "tokenEnclosing" : "\"",
          "decimalSign" : "."
        },
        "fields" : [ {
          "ix" : 1,
          "name" : "SDO_ID",
          "type" : "string"
        }, {
          "ix" : 2,
          "name" : "SDO_Name",
          "type" : "string"
        }, {
          "ix" : 3,
          "name" : "Geogr_Laenge",
          "type" : "double"
        }, {
          "ix" : 4,
          "name" : "Geogr_Breite",
          "type" : "double"
        }, {
          "ix" : 5,
          "name" : "Hoehe_ueber_NN",
          "type" : "double"
        }, {
          "ix" : 6,
          "name" : "Metadata_Link",
          "type" : "string"
        } ]
      },
      "values" : {
        "href" : "data/sdo_F_MN003.csv"
      }
    },
    "result" : {
      "type" : "DataArray",
      "count" : 448545,
      "record" : {
        "fields" : [ {
          "ix" : 1,
          "name" : "Produkt_Code",
          "type" : "string",
          "description" : "reference to procedure.id"
        }, {
          "ix" : 2,
          "name" : "SDO_ID",
          "type" : "string",
          "description" : "reference to featureOfInterest.id"
        }, {
          "ix" : 3,
          "name" : "Zeitstempel",
          "type" : "datetime",
          "uom" : {
            "href" : "http://www.opengis.net/def/uom/ISO-8601/0/Gregorian",
            "title" : ""
          }
        }, {
          "ix" : 4,
          "name" : "Wert",
          "type" : "double",
          "description" : "value of the procedure at specified point in time in the procuedure.uom"
        }, {
          "ix" : 5,
          "name" : "Qualitaet_Niveau",
          "type" : "string",
          "uom" : {
            "href" : "https://cdc.dwd.de/skos/taxon/qs/Qualitaetsniveau",
            "title" : ""
          }
        }, {
          "ix" : 6,
          "name" : "Qualitaet_Byte",
          "type" : "string",
          "uom" : {
            "href" : "https://cdc.dwd.de/skos/taxon/qs/Qualitaetsbyte",
            "title" : ""
          }
        } ]
      },
      "values" : {
        "href" : "data/data_F_MN003.csv"
      }
    }
  } ]
}